日期,宁德时代,新能源汽车,锂电池
2019/1/1,1277,4076,1258
2019/1/2,3166,5472,1765
2019/1/3,2744,5637,1801
2019/1/4,2528,5452,1756
2019/1/5,1372,4755,1456
2019/1/6,1364,4556,1399
2019/1/7,2455,5371,1816
2019/1/8,2608,5362,1818
2019/1/9,2623,5495,1854
2019/1/10,2420,4915,1801
2019/1/11,2454,4531,1786
2019/1/12,1402,4073,1489
2019/1/13,1255,3892,1185
2019/1/14,2425,4683,1815
2019/1/15,2357,4438,1780
2019/1/16,2891,2754,1764
2019/1/17,2670,3534,1599
2019/1/18,2280,4437,1716
2019/1/19,1332,3881,1473
2019/1/20,1181,3427,1577
2019/1/21,2362,3972,1857
2019/1/22,2405,4147,1790
2019/1/23,2412,4110,1801
2019/1/24,2293,4429,1775
2019/1/25,2263,4102,1330
2019/1/26,1314,3214,1360
2019/1/27,1163,4005,1162
2019/1/28,2037,4537,1555
2019/1/29,2146,4731,1619
2019/1/30,2114,4358,1468
2019/1/31,1904,4240,1325
2019/2/1,1567,4095,1176
2019/2/2,1129,3213,1066
2019/2/3,1006,3461,1023
2019/2/4,921,2480,828
2019/2/5,964,2704,827
2019/2/6,1086,4443,1012
2019/2/7,1173,4534,1063
2019/2/8,1272,4897,1070
2019/2/9,1127,4859,1073
2019/2/10,1165,5089,1102
2019/2/11,2460,5815,1472
2019/2/12,2533,5724,1700
2019/2/13,2652,6051,1821
2019/2/14,3195,5766,1792
2019/2/15,3742,5299,1842
2019/2/16,2613,4882,1463
2019/2/17,1652,5117,1280
2019/2/18,2954,6254,1998
2019/2/19,2213,5628,1877
2019/2/20,1982,5777,1913
2019/2/21,2013,5912,1857
2019/2/22,1842,5819,1799
2019/2/23,1341,5397,1467
2019/2/24,1488,5472,1298
2019/2/25,3154,6493,1965
2019/2/26,3160,8843,1950
2019/2/27,3335,6405,1978
2019/2/28,4018,6016,1922
2019/3/1,3655,6245,1955
2019/3/2,2192,5810,1563
2019/3/3,1976,6020,1557
2019/3/4,3814,6549,2045
2019/3/5,3118,7880,2177
2019/3/6,3315,7691,2146
2019/3/7,3087,7153,2022
2019/3/8,2310,5918,1943
2019/3/9,1425,5621,1670
2019/3/10,1317,5712,1524
2019/3/11,3942,6707,1748
2019/3/12,6329,6334,2070
2019/3/13,3675,6123,2055
2019/3/14,2562,5791,2017
2019/3/15,2583,5723,1956
2019/3/16,1631,5392,1667
2019/3/17,1385,5665,1714
2019/3/18,2859,6276,2104
2019/3/19,3249,5979,2003
2019/3/20,3257,5904,2062
2019/3/21,2889,5562,2062
2019/3/22,3342,5397,1940
2019/3/23,2107,4635,1613
2019/3/24,2143,4967,1592
2019/3/25,3935,5147,1939
2019/3/26,3407,6373,1996
2019/3/27,3188,7178,2069
2019/3/28,2977,5259,2014
2019/3/29,2955,4528,1885
2019/3/30,1711,4795,1496
2019/3/31,1476,5131,1545
2019/4/1,2796,5115,1880
2019/4/2,3022,5007,1953
2019/4/3,2965,4630,1890
2019/4/4,2400,4501,1744
2019/4/5,1207,4115,1229
2019/4/6,1294,4492,1239
2019/4/7,1420,4615,1493
2019/4/8,2525,5103,1994
2019/4/9,3554,5221,2005
2019/4/10,3150,5166,1925
2019/4/11,3020,5292,1839
2019/4/12,2580,4914,1855
2019/4/13,1237,4698,1481
2019/4/14,1265,4705,1433
2019/4/15,2824,4954,1913
2019/4/16,3043,4688,1871
2019/4/17,3421,5738,1908
2019/4/18,3190,5420,1966
2019/4/19,2178,4708,1976
2019/4/20,1478,4227,1681
2019/4/21,1682,4402,1364
2019/4/22,2766,4963,2035
2019/4/23,2917,4451,1941
2019/4/24,2450,4202,1841
2019/4/25,3061,4089,1753
2019/4/26,2759,4141,1854
2019/4/27,2032,3896,1363
2019/4/28,1827,4437,1839
2019/4/29,2298,4141,1539
2019/4/30,2215,4040,1525
2019/5/1,1168,3347,1109
2019/5/2,1046,3432,1105
2019/5/3,1194,3656,1157
2019/5/4,1101,3856,1236
2019/5/5,1998,4450,1721
2019/5/6,2565,4264,1843
2019/5/7,2064,4064,1797
2019/5/8,1979,3879,1438
2019/5/9,1942,3534,1453
2019/5/10,2081,3457,1589
2019/5/11,1317,3256,1275
2019/5/12,1169,3460,1243
2019/5/13,2458,3703,1704
2019/5/14,2724,3865,1830
2019/5/15,2756,4001,1847
2019/5/16,2499,3803,1808
2019/5/17,2076,3413,1678
2019/5/18,1148,2896,1397
2019/5/19,1147,3398,1410
2019/5/20,2662,3527,1774
2019/5/21,2101,3529,1527
2019/5/22,2315,3905,1867
2019/5/23,2444,3522,1750
2019/5/24,2001,3977,1533
2019/5/25,1125,3607,1246
2019/5/26,1074,3662,1179
2019/5/27,1812,4135,1867
2019/5/28,2387,3738,1908
2019/5/29,1838,3502,1879
2019/5/30,1828,3574,1796
2019/5/31,1913,3495,1582
2019/6/1,1226,2878,1239
2019/6/2,1246,2875,1241
2019/6/3,2211,3019,1729
2019/6/4,2269,3171,1862
2019/6/5,1961,3384,1829
2019/6/6,1993,7197,1191
2019/6/7,1606,4748,1223
2019/6/8,1493,4192,1224
2019/6/9,1397,4214,1292
2019/6/10,3285,4981,1734
2019/6/11,3586,4505,1722
2019/6/12,3075,4603,1710
2019/6/13,2976,4376,1798
2019/6/14,2617,4208,1500
2019/6/15,1200,3274,1366
2019/6/16,1133,3315,1358
2019/6/17,2248,4208,1627
2019/6/18,1969,3846,1419
2019/6/19,2082,3648,1561
2019/6/20,2326,4380,1529
2019/6/21,1938,4651,1324
2019/6/22,1112,3266,1250
2019/6/23,1084,3703,1212
2019/6/24,2203,4760,1602
2019/6/25,1890,5306,1670
2019/6/26,2282,4536,1478
2019/6/27,3099,4210,1485
2019/6/28,3296,4288,1377
2019/6/29,1591,4376,1225
2019/6/30,1303,4146,1150
2019/7/1,2526,4283,1541
2019/7/2,2790,5857,1705
2019/7/3,3125,4982,1745
2019/7/4,2730,4490,1803
2019/7/5,2392,3880,1456
2019/7/6,1503,7364,1263
2019/7/7,1324,11362,1134
2019/7/8,2285,11454,1314
2019/7/9,2255,4331,1825
2019/7/10,2441,5615,1612
2019/7/11,2610,5686,1531
2019/7/12,2439,3604,1526
2019/7/13,1484,3237,1237
2019/7/14,1413,3089,1175
2019/7/15,2802,3684,1512
2019/7/16,2592,3776,1423
2019/7/17,2628,3345,1745
2019/7/18,2600,3539,1469
2019/7/19,2533,3838,1327
2019/7/20,1372,3084,1183
2019/7/21,1553,3077,1170
2019/7/22,2591,3386,1697
2019/7/23,2679,3797,1341
2019/7/24,2433,3729,1557
2019/7/25,2341,3740,1811
2019/7/26,2645,3902,1755
2019/7/27,1362,3530,1545
2019/7/28,1253,3470,1249
2019/7/29,2341,4079,1779
2019/7/30,2335,4026,1914
2019/7/31,2020,3818,1660
2019/8/1,1879,3713,1895
2019/8/2,1762,3667,1643
2019/8/3,1117,3075,1157
2019/8/4,1063,3340,1175
2019/8/5,1682,3701,1613
2019/8/6,2064,3395,1581
2019/8/7,1917,3378,1648
2019/8/8,2025,3198,1486
2019/8/9,1943,3432,1729
2019/8/10,1074,3118,1237
2019/8/11,1056,3104,1186
2019/8/12,1979,3865,1712
2019/8/13,2060,3706,1665
2019/8/14,1754,3807,1691
2019/8/15,1939,3214,1796
2019/8/16,1843,3137,1692
2019/8/17,1258,3005,1482
2019/8/18,1223,2944,1168
2019/8/19,2195,3178,1813
2019/8/20,2182,3257,1749
2019/8/21,2196,3134,1459
2019/8/22,2172,3345,1611
2019/8/23,2624,3443,1536
2019/8/24,1600,3180,1306
2019/8/25,1408,3314,1167
2019/8/26,2404,3682,1431
2019/8/27,2578,3968,1691
2019/8/28,2470,3767,1827
2019/8/29,2612,3560,1570
2019/8/30,2530,3429,1295
2019/8/31,1258,3370,1293
2019/9/1,1220,3254,1213
2019/9/2,2411,3373,1500
2019/9/3,2715,3522,1555
2019/9/4,2753,3559,1571
2019/9/5,2808,3731,1702
2019/9/6,2559,3551,1442
2019/9/7,1816,3550,1197
2019/9/8,1537,4018,1172
2019/9/9,2843,3920,1628
2019/9/10,3104,3622,1637
2019/9/11,3009,3649,1552
2019/9/12,2915,3605,1246
2019/9/13,1298,3659,1063
2019/9/14,1307,3896,1074
2019/9/15,1470,3912,1110
2019/9/16,2688,4619,1393
2019/9/17,2605,3961,1341
2019/9/18,2761,3333,1368
2019/9/19,3018,3522,1336
2019/9/20,2634,3200,1322
2019/9/21,1863,3388,1109
2019/9/22,1909,3394,1104
2019/9/23,2919,3758,1326
2019/9/24,2856,3952,1208
2019/9/25,2831,3828,1436
2019/9/26,3349,3954,1359
2019/9/27,2498,3602,1380
2019/9/28,1358,3156,1124
2019/9/29,1594,3376,1274
2019/9/30,1510,3570,1150
2019/10/1,987,3138,1016
2019/10/2,998,3673,1067
2019/10/3,994,4042,1061
2019/10/4,1091,3916,1061
2019/10/5,1014,4445,1054
2019/10/6,1255,4243,1065
2019/10/7,1139,4339,1117
2019/10/8,2217,3892,1335
2019/10/9,2528,3485,3566
2019/10/10,3412,3401,5070
2019/10/11,2838,3280,2603
2019/10/12,1889,3695,1919
2019/10/13,1354,2912,1664
2019/10/14,2910,3489,2312
2019/10/15,2942,3428,2045
2019/10/16,2955,3192,2111
2019/10/17,2691,2731,2012
2019/10/18,2454,2500,1574
2019/10/19,1144,2403,1351
2019/10/20,1134,2616,1746
2019/10/21,2324,3093,1885
2019/10/22,2435,3726,2188
2019/10/23,5882,3685,2075
2019/10/24,5963,3443,1764
2019/10/25,3451,3698,1398
2019/10/26,1798,3360,1356
2019/10/27,1285,3474,1327
2019/10/28,2656,3667,1776
2019/10/29,2663,3531,1519
2019/10/30,2633,3689,1396
2019/10/31,2511,3049,1198
2019/11/1,2305,2821,1432
2019/11/2,1262,2685,1157
2019/11/3,1260,2897,1186
2019/11/4,2388,2962,1383
2019/11/5,3211,3130,1403
2019/11/6,7722,3189,1865
2019/11/7,6603,3233,1581
2019/11/8,3778,2960,1415
2019/11/9,2146,2702,1129
2019/11/10,1672,2735,1160
2019/11/11,2577,2638,1414
2019/11/12,2849,3242,1638
2019/11/13,3238,2958,1451
2019/11/14,2672,2708,1369
2019/11/15,2564,2719,1265
2019/11/16,1419,2694,1170
2019/11/17,1210,2704,1187
2019/11/18,2337,2813,1493
2019/11/19,2673,2809,1830
2019/11/20,2577,2966,1650
2019/11/21,2658,3031,1620
2019/11/22,8714,2932,1441
2019/11/23,3798,2780,1122
2019/11/24,2530,2902,1259
2019/11/25,3834,2990,1678
2019/11/26,4803,3342,1821
2019/11/27,3796,3538,1467
2019/11/28,3110,3224,1363
2019/11/29,2810,3155,1180
2019/11/30,1813,3164,1114
2019/12/1,1477,3168,1187
2019/12/2,2545,3381,1267
2019/12/3,2512,3551,1276
2019/12/4,2563,4116,1420
2019/12/5,3654,4044,1448
2019/12/6,2948,3851,1286
2019/12/7,1559,3278,1105
2019/12/8,1447,3308,1216
2019/12/9,2741,3851,1599
2019/12/10,2676,3744,1232
2019/12/11,2594,3642,1455
2019/12/12,2465,4156,1511
2019/12/13,2508,4060,1449
2019/12/14,1364,3725,1243
2019/12/15,1433,4258,1299
2019/12/16,2813,4734,1485
2019/12/17,3317,4200,1902
2019/12/18,2651,4134,1720
2019/12/19,2722,3888,1862
2019/12/20,2530,3723,1757
2019/12/21,1460,3593,1475
2019/12/22,1339,4513,1389
2019/12/23,2342,3856,1683
2019/12/24,5198,4499,2106
2019/12/25,5874,5765,2275
2019/12/26,4446,5224,2294
2019/12/27,4124,3497,1987
2019/12/28,2072,2826,1555
2019/12/29,1912,3044,1367
2019/12/30,4432,3949,1780
2019/12/31,3607,3441,1536
2020/1/1,1615,2895,1070
2020/1/2,3512,4250,1450
2020/1/3,3449,4055,1410
2020/1/4,2296,3414,1156
2020/1/5,2220,3211,1150
2020/1/6,4851,4135,1413
2020/1/7,4752,4841,1422
2020/1/8,4580,4466,1516
2020/1/9,4980,3950,1322
2020/1/10,3995,3344,1446
2020/1/11,2608,3645,1095
2020/1/12,2657,3153,1046
2020/1/13,5300,3932,1218
2020/1/14,5282,4052,1270
2020/1/15,4088,3353,1170
2020/1/16,3376,2972,1197
2020/1/17,3159,2766,1084
2020/1/18,1786,3418,986
2020/1/19,2149,3792,1051
2020/1/20,3670,4330,1025
2020/1/21,3028,1590,978
2020/1/22,5022,2055,944
2020/1/23,3822,2488,843
2020/1/24,1192,1771,612
2020/1/25,1119,2347,666
2020/1/26,1089,2872,634
2020/1/27,1395,2222,683
2020/1/28,1270,1747,763
2020/1/29,1313,1255,916
2020/1/30,3207,1968,945
2020/1/31,4190,2069,925
2020/2/1,3475,2076,946
2020/2/2,2945,2250,990
2020/2/3,17731,1948,973
2020/2/4,16463,1995,1032
2020/2/5,18399,2097,1056
2020/2/6,14853,2188,1047
2020/2/7,9135,2422,981
2020/2/8,3990,2127,982
2020/2/9,3468,2266,968
2020/2/10,8049,2499,1082
2020/2/11,6811,2535,1099
2020/2/12,6681,3750,1122
2020/2/13,6279,2853,1137
2020/2/14,6210,2876,1161
2020/2/15,3326,3260,1102
2020/2/16,2883,2399,1114
2020/2/17,5481,3029,1126
2020/2/18,8264,2997,1453
2020/2/19,15480,3580,1685
2020/2/20,16335,3848,1515
2020/2/21,9336,3814,1516
2020/2/22,4408,3454,1288
2020/2/23,3878,3091,1270
2020/2/24,6914,6020,1627
2020/2/25,7613,3469,1775
2020/2/26,7804,4304,1781
2020/2/27,9420,3766,1796
2020/2/28,9321,3274,1538
2020/2/29,4049,2811,1536
2020/3/1,3342,2222,1478
2020/3/2,6444,3829,1757
2020/3/3,6046,4782,1476
2020/3/4,6189,3215,1604
2020/3/5,6194,3167,1622
2020/3/6,5024,3276,1884
2020/3/7,2916,3308,1370
2020/3/8,2760,2922,1322
2020/3/9,6609,3737,1728
2020/3/10,6517,3851,1828
2020/3/11,8665,3649,1789
2020/3/12,6529,4048,1310
2020/3/13,5939,3828,1290
2020/3/14,2997,2713,1162
2020/3/15,2649,3111,1164
2020/3/16,7585,4073,1313
2020/3/17,6734,3186,1390
2020/3/18,5842,3132,1349
2020/3/19,5609,3404,1438
2020/3/20,4533,3087,1393
2020/3/21,2231,2652,1217
2020/3/22,2305,2787,1158
2020/3/23,5846,3121,1232
2020/3/24,4586,3850,1165
2020/3/25,5247,3074,1491
2020/3/26,4739,3455,1436
2020/3/27,4756,3364,1335
2020/3/28,2989,3103,1159
2020/3/29,3076,3100,1232
2020/3/30,5061,3663,1434
2020/3/31,4695,4174,1298
2020/4/1,4786,4640,1274
2020/4/2,3861,3700,1335
2020/4/3,3344,3342,1487
2020/4/4,1972,3950,1308
2020/4/5,1826,2340,1171
2020/4/6,1988,3716,1179
2020/4/7,3709,3810,1397
2020/4/8,3671,4022,1350
2020/4/9,3787,4435,1648
2020/4/10,3755,3881,1343
2020/4/11,2279,2948,1143
2020/4/12,1910,3165,1185
2020/4/13,3824,2952,1237
2020/4/14,6551,3273,1315
2020/4/15,5958,3054,1330
2020/4/16,4732,3082,1355
2020/4/17,5227,2892,1338
2020/4/18,2707,2876,1249
2020/4/19,2218,2983,1243
2020/4/20,4243,2935,1264
2020/4/21,4472,3078,1335
2020/4/22,4064,3743,1404
2020/4/23,3640,4917,1295
2020/4/24,3569,3898,1209
2020/4/25,2194,3012,1252
2020/4/26,2727,3183,1254
2020/4/27,4008,3169,1221
2020/4/28,4530,3002,1226
2020/4/29,4146,2901,1154
2020/4/30,4642,3065,1136
2020/5/1,2267,2544,1077
2020/5/2,1892,2365,1107
2020/5/3,2030,2395,1133
2020/5/4,2415,2622,1222
2020/5/5,2340,2568,1183
2020/5/6,4137,2879,1279
2020/5/7,3983,2772,1298
2020/5/8,4003,2677,1332
2020/5/9,3404,2840,1436
2020/5/10,2329,2307,1205
2020/5/11,5469,2821,1298
2020/5/12,5601,2749,1227
2020/5/13,4436,2810,1185
2020/5/14,4050,2833,1204
2020/5/15,5916,2790,1217
2020/5/16,2841,2616,1153
2020/5/17,2448,2661,1091
2020/5/18,4172,2876,1150
2020/5/19,3872,2915,1215
2020/5/20,5617,3081,1286
2020/5/21,4283,3196,1308
2020/5/22,3643,3088,1173
2020/5/23,2339,2861,1128
2020/5/24,2581,3022,1118
2020/5/25,4211,3257,1154
2020/5/26,5528,3206,1163
2020/5/27,5809,2977,1235
2020/5/28,4776,3116,1220
2020/5/29,4100,3366,1184
2020/5/30,2220,3053,1118
2020/5/31,1887,3142,1125
2020/6/1,3853,3897,1404
2020/6/2,4084,3562,1184
2020/6/3,3652,3076,1189
2020/6/4,3614,3159,1307
2020/6/5,3194,3050,1122
2020/6/6,1899,2787,1128
2020/6/7,1892,2899,1102
2020/6/8,3423,3097,1144
2020/6/9,6501,2920,1196
2020/6/10,10246,2952,1146
2020/6/11,9897,3069,1219
2020/6/12,5889,2767,1131
2020/6/13,2766,2397,1081
2020/6/14,2361,2592,1085
2020/6/15,4433,2766,1122
2020/6/16,4282,2739,1263
2020/6/17,3920,2812,1319
2020/6/18,3529,2551,1477
2020/6/19,4635,2785,1175
2020/6/20,2010,2800,1086
2020/6/21,1824,2937,1073
2020/6/22,3868,2922,1147
2020/6/23,3924,3280,1124
2020/6/24,3701,3056,1100
2020/6/25,1812,2894,1026
2020/6/26,1608,2999,1072
2020/6/27,1627,2944,1078
2020/6/28,2250,3350,1088
2020/6/29,3702,3305,1100
2020/6/30,4772,3037,1145
2020/7/1,5000,3055,1128
2020/7/2,4775,2897,1107
2020/7/3,4574,2953,1141
2020/7/4,2594,2396,1138
2020/7/5,2399,2662,1057
2020/7/6,6138,3294,1174
2020/7/7,11044,3668,1233
2020/7/8,8759,3248,1191
2020/7/9,8685,3344,1172
2020/7/10,7944,2938,1370
2020/7/11,4221,2618,1211
2020/7/12,3944,2620,1222
2020/7/13,15099,3224,1440
2020/7/14,12244,3340,1663
2020/7/15,8503,3180,1579
2020/7/16,7915,3388,1654
2020/7/17,7655,2864,1581
2020/7/18,7829,2520,1305
2020/7/19,5224,2597,1217
2020/7/20,11135,3142,1445
2020/7/21,7696,3043,1493
2020/7/22,8157,3377,1622
2020/7/23,7356,3681,1564
2020/7/24,6590,3994,1365
2020/7/25,3008,4306,1123
2020/7/26,2748,4301,1156
2020/7/27,6092,4458,1423
2020/7/28,5726,4768,1555
2020/7/29,6028,4956,1364
2020/7/30,5217,5167,1475
2020/7/31,5202,6676,1278
2020/8/1,2761,7275,1223
2020/8/2,2486,6176,1174
2020/8/3,5508,6886,1509
2020/8/4,5632,6080,1548
2020/8/5,6224,6528,1468
2020/8/6,7803,5419,1433
2020/8/7,6111,4516,1146
2020/8/8,3305,4991,1079
2020/8/9,2913,5366,1067
2020/8/10,5549,4855,1194
2020/8/11,5883,6649,1159
2020/8/12,9225,4845,1160
2020/8/13,7887,5445,1167
2020/8/14,5981,5661,1150
2020/8/15,2978,6220,1102
2020/8/16,2952,4940,1075
2020/8/17,6525,5706,1153
2020/8/18,7509,4982,1190
2020/8/19,7571,5947,1142
2020/8/20,6346,5220,1143
2020/8/21,5854,4489,1176
2020/8/22,3156,4281,1371
2020/8/23,2798,4441,1126
2020/8/24,7024,4638,1314
2020/8/25,5570,4928,1503
2020/8/26,5861,5680,1564
2020/8/27,7572,6228,1528
2020/8/28,5957,7154,1489
2020/8/29,3037,4584,1336
2020/8/30,2917,5282,1281
2020/8/31,5549,5051,1534
2020/9/1,6153,4421,1651
2020/9/2,5325,4639,1643
2020/9/3,4788,4210,1560
2020/9/4,5039,5109,1532
2020/9/5,2886,4172,1328
2020/9/6,2569,4222,1297
2020/9/7,11164,5291,1674
2020/9/8,8673,5456,1646
2020/9/9,7408,5194,1576
2020/9/10,6084,6492,1501
2020/9/11,5318,5737,1497
2020/9/12,2852,5677,1319
2020/9/13,2683,5707,1257
2020/9/14,5428,6383,1686
2020/9/15,5853,5615,1642
2020/9/16,5180,5664,1736
2020/9/17,5792,4911,1704
2020/9/18,5109,5238,1711
2020/9/19,2974,3538,1367
2020/9/20,2940,3632,1356
2020/9/21,5484,4037,1627
2020/9/22,6171,4050,1697
2020/9/23,6462,4423,1759
2020/9/24,5456,3908,1687
2020/9/25,4429,3635,1568
2020/9/26,2746,3092,1310
2020/9/27,2968,3539,1476
2020/9/28,4717,3604,1552
2020/9/29,5199,3503,1479
2020/9/30,4741,3170,1362
2020/10/1,3191,3011,1159
2020/10/2,3397,3147,1180
2020/10/3,2695,3004,1176
2020/10/4,2788,3230,1285
2020/10/5,2999,3138,1311
2020/10/6,2817,3463,1368
2020/10/7,2782,3241,1577
2020/10/8,2966,3270,1616
2020/10/9,7766,4151,1932
2020/10/10,4821,4067,2065
2020/10/11,3464,3634,1560
2020/10/12,8006,4182,2025
2020/10/13,7315,4006,2048
2020/10/14,7049,3901,1784
2020/10/15,6820,4127,1703
2020/10/16,6294,3762,1582
2020/10/17,3211,3313,1304
2020/10/18,2996,3481,1255
2020/10/19,5487,3832,1609
2020/10/20,7611,3945,1786
2020/10/21,6988,3882,1678
2020/10/22,5993,3639,1962
2020/10/23,5149,3565,1656
2020/10/24,2896,3591,1453
2020/10/25,2790,3865,1308
2020/10/26,5840,4236,1828
2020/10/27,6619,4365,1829
2020/10/28,7164,4270,1791
2020/10/29,6501,4467,1745
2020/10/30,7027,4658,1565
2020/10/31,3177,3869,1340
2020/11/1,3136,3758,1296
2020/11/2,8185,5272,1667
2020/11/3,7863,5418,1724
2020/11/4,6439,4573,1608
2020/11/5,9649,5110,1807
2020/11/6,7861,4248,1662
2020/11/7,3682,4356,1497
2020/11/8,3467,4313,1378
2020/11/9,6784,4565,1787
2020/11/10,6550,4361,2221
2020/11/11,6046,4009,2896
2020/11/12,5610,4296,1699
2020/11/13,5506,4652,1601
2020/11/14,3619,4516,1373
2020/11/15,4551,4609,1347
2020/11/16,7450,5132,1680
2020/11/17,6875,4885,1752
2020/11/18,7308,4975,1753
2020/11/19,6439,4981,1673
2020/11/20,6171,4794,1594
2020/11/21,3671,5547,1307
2020/11/22,3240,5440,1264
2020/11/23,6026,5561,1637
2020/11/24,6504,6260,1816
2020/11/25,6380,5912,1693
2020/11/26,5927,5207,1651
2020/11/27,5447,4622,1595
2020/11/28,3628,4292,1313
2020/11/29,3150,4351,1266
2020/11/30,5655,4689,1607
2020/12/1,5538,4647,1589
2020/12/2,5944,4437,1582
2020/12/3,5535,4374,1603
2020/12/4,5155,4250,1561
2020/12/5,2926,4158,1277
2020/12/6,3009,4254,1301
2020/12/7,6386,4584,1689
2020/12/8,6432,4347,1646
2020/12/9,6480,4234,1667
2020/12/10,5742,4162,1683
2020/12/11,4814,3900,1475
2020/12/12,3102,3600,1320
2020/12/13,2945,4081,1297
2020/12/14,5169,4124,1616
2020/12/15,6708,4282,1625
2020/12/16,7424,4110,1717
2020/12/17,6294,4381,1631
2020/12/18,6823,4260,1567
2020/12/19,3754,4103,1355
2020/12/20,3369,4053,1333
2020/12/21,20061,4828,1792
2020/12/22,15901,4733,1799
2020/12/23,12437,4514,1837
2020/12/24,8988,3909,1698
2020/12/25,8170,3880,1702
2020/12/26,4234,3632,1490
2020/12/27,3648,3793,1508
2020/12/28,7781,3906,1800
2020/12/29,8197,4030,1835
2020/12/30,22672,3952,1828
2020/12/31,14457,3624,1611
2021/1/1,4970,3950,1282
2021/1/2,5059,4169,1328
2021/1/3,5511,4017,1572
2021/1/4,44030,4885,1979
2021/1/5,31632,5128,1925
2021/1/6,22554,4699,1895
2021/1/7,19884,4028,1925
2021/1/8,41521,4008,1921
2021/1/9,13783,3934,1564
2021/1/10,8655,4218,1601
2021/1/11,21874,4364,1915
2021/1/12,19823,3942,1855
2021/1/13,23241,3944,1826
2021/1/14,18483,3788,1817
2021/1/15,15897,3750,1704
2021/1/16,6487,3484,1448
2021/1/17,6132,4059,1373
2021/1/18,13749,4208,1705
2021/1/19,12441,4007,1699
2021/1/20,20394,3964,1785
2021/1/21,16955,3972,1747
2021/1/22,14355,4287,1696
2021/1/23,6047,4035,1416
2021/1/24,5312,3740,1324
2021/1/25,15393,4468,1723
2021/1/26,13045,4618,1661
2021/1/27,12154,4952,1636
2021/1/28,12552,4440,1684
2021/1/29,13523,4700,1733
2021/1/30,5203,3764,1453
2021/1/31,4701,3744,1210
2021/2/1,12349,5966,1440
2021/2/2,15243,3688,1506
2021/2/3,16797,3939,1580
2021/2/4,14065,3802,1446
2021/2/5,11952,3736,1435
2021/2/6,4830,3450,1220
2021/2/7,5155,3810,1258
2021/2/8,12949,4035,1260
2021/2/9,11841,4054,1232
2021/2/10,9625,3127,1139
2021/2/11,3509,2042,875
2021/2/12,3331,2293,978
2021/2/13,3607,2648,1065
2021/2/14,4019,2900,1067
2021/2/15,4251,3121,1101
2021/2/16,4461,3201,1156
2021/2/17,4762,3185,1216
2021/2/18,14460,4211,1503
2021/2/19,14475,4063,1730
2021/2/20,8072,3897,1722
2021/2/21,5992,3717,1520
2021/2/22,14445,3980,1876
2021/2/23,12563,3865,1862
2021/2/24,15617,4070,1892
2021/2/25,15320,4138,1902
2021/2/26,14722,3899,1618
2021/2/27,5316,3853,1474
2021/2/28,5003,4085,1513
2021/3/1,14650,4249,1939
2021/3/2,14962,4085,1839
2021/3/3,12470,4048,1887
2021/3/4,14063,4047,1918
2021/3/5,12300,3751,1804
2021/3/6,4709,3773,1542
2021/3/7,4120,3786,1497
2021/3/8,13629,3895,1795
2021/3/9,14311,4067,1891
2021/3/10,13667,4120,1964
2021/3/11,12561,4119,1999
2021/3/12,11377,3966,1798
2021/3/13,4738,3592,1617
2021/3/14,4260,3808,1709
2021/3/15,12773,3958,1993
2021/3/16,11145,3997,1918
2021/3/17,10669,4253,2075
2021/3/18,9928,4474,1913
2021/3/19,9451,4211,1881
2021/3/20,3742,3843,1518
2021/3/21,3447,3866,1512
2021/3/22,10096,4043,1859
2021/3/23,9527,4422,2102
2021/3/24,11330,4091,1912
2021/3/25,10289,3870,1874
2021/3/26,10639,3938,1911
2021/3/27,4022,3552,1573
2021/3/28,3677,3576,1460
2021/3/29,9362,4080,1927
2021/3/30,9387,4257,1937
2021/3/31,9192,4669,1952
2021/4/1,8650,4946,1864
2021/4/2,7874,4406,1679
2021/4/3,3363,4070,1344
2021/4/4,3008,3854,1241
2021/4/5,3143,4411,1415
2021/4/6,8299,4537,1756
2021/4/7,8009,4978,1896
2021/4/8,7593,4191,1743
2021/4/9,7214,4274,1817
2021/4/10,3692,4483,1445
2021/4/11,3951,5268,1545
2021/4/12,9162,8080,2036
2021/4/13,9044,4839,1907
2021/4/14,10353,6036,2108
2021/4/15,8971,4737,2038
2021/4/16,8142,4618,1906
2021/4/17,3784,5895,1548
2021/4/18,4018,6756,1627
2021/4/19,12727,6778,2066
2021/4/20,11561,6979,1940
2021/4/21,9395,7628,1840
2021/4/22,9299,8080,1747
2021/4/23,9074,5898,1824
2021/4/24,4246,4965,1555
2021/4/25,5083,4805,1736
2021/4/26,11196,4349,1742
2021/4/27,9735,4557,1841
2021/4/28,12362,4145,1712
2021/4/29,11146,3883,1663
2021/4/30,10054,4366,1475
2021/5/1,3449,3611,1242
2021/5/2,3077,3761,1250
2021/5/3,3087,4052,1338
2021/5/4,9199,4023,1308
2021/5/5,17060,4306,1511
2021/5/6,26257,5105,1895
2021/5/7,12770,4522,1760
2021/5/8,6498,4536,1690
2021/5/9,4747,4582,1508
2021/5/10,9088,4954,1870
2021/5/11,9094,4578,2761
2021/5/12,8720,4382,2149
2021/5/13,8055,4111,2144
2021/5/14,7793,3855,1833
2021/5/15,4383,3743,1670
2021/5/16,4118,4194,1643
2021/5/17,8782,4383,1946
2021/5/18,8878,4049,1978
2021/5/19,10036,3978,2237
2021/5/20,9690,3867,1999
2021/5/21,9046,3817,2425
2021/5/22,4412,3648,1550
2021/5/23,4169,3733,1526
2021/5/24,10274,3949,1966
2021/5/25,9777,4407,2224
2021/5/26,8842,5090,2167
2021/5/27,8803,4120,1949
2021/5/28,14809,3597,2146
2021/5/29,4664,3288,1669
2021/5/30,4748,3530,1529
2021/5/31,28114,3657,2243
2021/6/1,18590,3214,1920
2021/6/2,13550,3411,1849
2021/6/3,13039,3489,1851
2021/6/4,13403,3667,2079
2021/6/5,5726,3629,1662
2021/6/6,5296,3462,1600
2021/6/7,16438,3570,1964
2021/6/8,13955,3413,1892
2021/6/9,11985,3339,1845
2021/6/10,17163,3352,1908
2021/6/11,15179,3488,1705
2021/6/12,6131,3375,1466
2021/6/13,4406,3279,1434
2021/6/14,4412,3795,1441
2021/6/15,10635,4055,1801
2021/6/16,11308,4067,2151
2021/6/17,10675,3987,1746
2021/6/18,10829,3566,1708
2021/6/19,6340,3768,1614
2021/6/20,5421,4190,1484
2021/6/21,10777,4677,1857
2021/6/22,12523,4260,1758
2021/6/23,12363,4620,1996
2021/6/24,9643,4703,1797
2021/6/25,9071,4461,1684
2021/6/26,4764,4775,1704
2021/6/27,4305,4852,1594
2021/6/28,17715,4626,1959
2021/6/29,25396,4549,1949
2021/6/30,22898,4625,1814
2021/7/1,16220,4653,1789
2021/7/2,14329,4678,1828
2021/7/3,5395,4491,1491
2021/7/4,4726,4747,1551
2021/7/5,12543,4885,2215
2021/7/6,12616,4480,2059
2021/7/7,17567,5139,2404
2021/7/8,27268,4638,2431
2021/7/9,24888,4945,2372
2021/7/10,10059,3984,1967
2021/7/11,8706,3957,1831
2021/7/12,22901,5198,2604
2021/7/13,22843,5394,2488
2021/7/14,19675,5015,2428
2021/7/15,18187,4598,2248
2021/7/16,19446,4268,2087
2021/7/17,9600,3913,1705
2021/7/18,7793,3870,1854
2021/7/19,18837,4486,5212
2021/7/20,15839,4548,4923
2021/7/21,17215,4712,3050
2021/7/22,17492,4232,2604
2021/7/23,15018,4417,2260
2021/7/24,6114,3575,1638
2021/7/25,5719,3714,1427
2021/7/26,15199,3967,1929
2021/7/27,19814,3959,2120
2021/7/28,22972,4158,1935
2021/7/29,26698,4175,2064
2021/7/30,25024,3958,2099
2021/7/31,10572,4328,1600
2021/8/1,7411,3966,1549
2021/8/2,18167,4283,2056
2021/8/3,16071,3764,2162
2021/8/4,18232,4097,2317
2021/8/5,16984,3953,2164
2021/8/6,16803,4063,2230
2021/8/7,14092,3625,1792
2021/8/8,9268,3679,1799
2021/8/9,20006,4107,2363
2021/8/10,17612,4255,2309
2021/8/11,16951,4308,2259
2021/8/12,20393,4359,2382
2021/8/13,33452,4383,2175
2021/8/14,8471,3750,1725
2021/8/15,6778,4102,1720
2021/8/16,21620,4419,2239
2021/8/17,19731,4473,2078
2021/8/18,18097,4215,1961
2021/8/19,19317,4328,2152
2021/8/20,16871,4678,1943
2021/8/21,5955,4408,1620
2021/8/22,4963,4485,1636
2021/8/23,15045,4837,2410
2021/8/24,15198,4503,2274
2021/8/25,21592,4802,2160
2021/8/26,24962,5280,2166
2021/8/27,15248,4979,2019
2021/8/28,6070,4729,1773
2021/8/29,5413,4753,1704
2021/8/30,13788,5347,2204
2021/8/31,13918,4753,2307
2021/9/1,13829,4771,2496
2021/9/2,12676,4921,2066
2021/9/3,11677,4934,2244
2021/9/4,4910,4801,1767
2021/9/5,4702,4313,1591
2021/9/6,13108,4961,1996
2021/9/7,12851,5124,2195
2021/9/8,11472,4571,1938
2021/9/9,11100,4162,1830
2021/9/10,10163,4188,1751
2021/9/11,4775,4277,1693
2021/9/12,4529,3998,1583
2021/9/13,10915,4420,2075
2021/9/14,15003,5561,2276
2021/9/15,11911,6411,2126
2021/9/16,12499,6573,2416
2021/9/17,11573,6064,2090
2021/9/18,5763,5067,1611
2021/9/19,4185,4229,1364
2021/9/20,3950,4220,1583
2021/9/21,3874,4441,1597
2021/9/22,9725,5033,2242
2021/9/23,9501,4706,2529
2021/9/24,8741,4573,2047
2021/9/25,4308,4641,1610
2021/9/26,5102,4971,1867
2021/9/27,10367,4967,2150
2021/9/28,9067,4441,2076
2021/9/29,10506,4246,2279
2021/9/30,11851,4035,1882
2021/10/1,4170,3852,1384
2021/10/2,3587,3967,1368
2021/10/3,3604,4210,1300
2021/10/4,3849,4262,1472
2021/10/5,3770,4205,1443
2021/10/6,3753,3860,1525
2021/10/7,3830,4131,1444
2021/10/8,8969,4818,1911
2021/10/9,5374,5028,1764
2021/10/10,4530,4087,1578
2021/10/11,8896,4535,2010
2021/10/12,10030,4381,2013
2021/10/13,10192,4618,1842
2021/10/14,10093,4645,1860
2021/10/15,13548,4221,1772
2021/10/16,5160,4079,1470
2021/10/17,4394,4375,1454
2021/10/18,15904,4374,1856
2021/10/19,18664,4628,1845
2021/10/20,15093,4397,1995
2021/10/21,12500,3970,1656
2021/10/22,11912,4524,1765
2021/10/23,6560,4470,1455
2021/10/24,6390,4713,1440
2021/10/25,17437,5331,1936
2021/10/26,18055,5998,2047
2021/10/27,32381,5673,1914
2021/10/28,29544,5616,1932
2021/10/29,26504,5096,1885
2021/10/30,12397,4748,1517
2021/10/31,8521,4854,1527
2021/11/1,24526,4843,1990
2021/11/2,19549,5187,2025
2021/11/3,15586,4696,1910
2021/11/4,18664,4755,1944
2021/11/5,18949,4808,1813
2021/11/6,10214,4360,1506
2021/11/7,6488,4555,1536
2021/11/8,16482,3853,2130
2021/11/9,15338,4296,1950
2021/11/10,14733,4890,2009
2021/11/11,14297,4575,1831
2021/11/12,12893,4681,1649
2021/11/13,5749,4822,1459
2021/11/14,5666,5020,1456
2021/11/15,14669,5152,2008
2021/11/16,16053,5273,1941
2021/11/17,13709,5198,2131
2021/11/18,13133,5199,2001
2021/11/19,12408,5376,1852
2021/11/20,5691,4808,1601
2021/11/21,5153,5274,1624
2021/11/22,19581,5523,2244
2021/11/23,17819,5182,2067
2021/11/24,13962,4928,1906
2021/11/25,12279,5165,1919
2021/11/26,11357,5006,1860
2021/11/27,5429,4949,1465
2021/11/28,5111,4914,1377
2021/11/29,16082,5669,1972
2021/11/30,16975,5056,1864
2021/12/1,16868,4995,1859
2021/12/2,14223,4655,1771
2021/12/3,13430,4264,1740
2021/12/4,9103,4389,1387
2021/12/5,9733,4741,1399
2021/12/6,18077,4989,1836
2021/12/7,20761,5034,2224
2021/12/8,17769,5115,1928
2021/12/9,16685,4834,1953
2021/12/10,15982,4708,1846
2021/12/11,6525,4657,1935
2021/12/12,5557,4690,1561
2021/12/13,18539,4793,1944
2021/12/14,12898,4840,1909
2021/12/15,12534,4968,1811
2021/12/16,12493,4873,1834
2021/12/17,11438,4894,1771
2021/12/18,5303,4477,1423
2021/12/19,4817,4592,1349
2021/12/20,13426,4859,1859
2021/12/21,12675,5072,1743
2021/12/22,11773,4211,1695
2021/12/23,12766,4293,1722
2021/12/24,32725,4220,2110
2021/12/25,9448,3935,1534
2021/12/26,6712,4117,1414
2021/12/27,18184,4205,1743
2021/12/28,14582,4154,1756
2021/12/29,13939,4453,1810
2021/12/30,12513,4385,1617
2021/12/31,11410,3897,1451
2022/1/1,4764,3738,1194
2022/1/2,4838,4117,1285
2022/1/3,5560,4260,1275
2022/1/4,17040,4187,1662
2022/1/5,18042,4027,1590
2022/1/6,16125,3696,1568
2022/1/7,15068,3645,1537
2022/1/8,5539,3235,1258
2022/1/9,4671,3144,1216
2022/1/10,13433,3415,1512
2022/1/11,12702,3336,1547
2022/1/12,14600,3474,1553
2022/1/13,14854,3253,1584
2022/1/14,12541,3245,1414
2022/1/15,5585,3057,1278
2022/1/16,5701,3018,1188
2022/1/17,15020,3442,1396
2022/1/18,15908,3353,1411
2022/1/19,17367,3347,1587
2022/1/20,14232,3389,1412
2022/1/21,11854,3194,1305
2022/1/22,5110,3119,1197
2022/1/23,4946,3225,1154
2022/1/24,11325,3370,1329
2022/1/25,12318,3213,1294
2022/1/26,11391,3388,1334
2022/1/27,14366,3320,1294
2022/1/28,17483,3372,1213
2022/1/29,6008,3195,1131
2022/1/30,5516,3063,1105
2022/1/31,4544,2188,915
2022/2/1,4384,2643,1009
2022/2/2,4616,3346,1040
2022/2/3,4870,3853,1064
2022/2/4,4808,4076,1096
2022/2/5,4739,4086,1110
2022/2/6,5192,4332,1192
2022/2/7,15313,4556,1429
2022/2/8,32663,4576,1698
2022/2/9,21417,4569,1883
2022/2/10,51511,4582,2660
2022/2/11,51058,4560,2194
2022/2/12,20689,4482,1645
2022/2/13,18980,4401,1575
2022/2/14,46750,4466,1990
2022/2/15,56121,4413,1956
2022/2/16,29337,4543,1928
2022/2/17,19844,4825,2268
2022/2/18,16578,4624,2002
2022/2/19,9939,4837,1576
2022/2/20,7039,4813,1510
2022/2/21,17637,5011,1956
2022/2/22,18351,4906,1896
2022/2/23,15349,4881,2066
2022/2/24,15674,4840,1888
2022/2/25,13353,4697,1865
2022/2/26,5427,4542,1531
2022/2/27,4949,4615,1536
2022/2/28,12465,5327,1948
2022/3/1,12250,5582,1946
2022/3/2,13263,5730,2076
2022/3/3,13428,6194,2123
2022/3/4,15204,6064,2024
2022/3/5,5898,5855,1645
2022/3/6,5233,5775,1509
2022/3/7,24196,6778,2003
2022/3/8,24516,6697,2176
2022/3/9,22457,8580,2231
2022/3/10,18359,9305,2255
2022/3/11,17010,13421,2038
2022/3/12,6157,14100,1832
2022/3/13,5125,12406,1683
2022/3/14,15122,9768,1937
2022/3/15,19881,9854,1942
2022/3/16,19055,11067,2007
2022/3/17,23924,10833,2122
2022/3/18,16570,10529,1971
2022/3/19,6418,11715,1596
2022/3/20,5900,10656,1667
2022/3/21,14118,9329,2068
2022/3/22,12020,8039,2073
2022/3/23,12055,7416,1974
2022/3/24,12225,6662,1981
2022/3/25,11924,6199,1891
2022/3/26,5476,5465,1664
2022/3/27,5486,5835,1572
2022/3/28,15907,5983,1983
2022/3/29,14076,5817,2054
2022/3/30,14392,5790,2049
2022/3/31,13893,5525,2063
2022/4/1,11793,5310,1745
2022/4/2,6502,5544,1611
2022/4/3,4485,5508,1362
2022/4/4,5095,6977,1352
2022/4/5,4824,6617,1378
2022/4/6,11893,7201,1885
2022/4/7,12225,6180,1735
2022/4/8,11421,5748,1860
2022/4/9,5082,5054,1490
2022/4/10,5360,4930,1516
2022/4/11,25148,5318,2212
2022/4/12,17838,5250,1964
2022/4/13,14609,4892,1839
2022/4/14,15863,5365,1749
2022/4/15,18821,4828,1822
2022/4/16,5980,4781,1792
2022/4/17,5268,4442,1473
2022/4/18,15066,4448,1639
2022/4/19,14434,4899,1601
2022/4/20,40917,4791,1693
2022/4/21,31986,4364,1655
2022/4/22,23053,4427,1594
2022/4/23,6864,4316,1267
2022/4/24,9483,4889,1551
2022/4/25,35666,4791,1666
2022/4/26,27324,5082,1673
2022/4/27,26016,4876,1755
2022/4/28,22065,4698,1724
2022/4/29,28591,4585,1619
2022/4/30,10228,4527,1250
2022/5/1,6618,4382,1208
2022/5/2,6308,4355,1249
2022/5/3,5980,4514,1286
2022/5/4,6892,5655,1388
2022/5/5,61678,4751,1619
2022/5/6,30254,4645,1647
2022/5/7,10056,4516,1592
2022/5/8,6448,4226,1287
